BMI_L,BMI_U,组内样本数,推荐NIPT时点_天,推荐NIPT时点_周表达,组内目标函数值,训练集覆盖率,测试集覆盖率,g*_中位数(天)
20.703125,29.1483581,38,83,11w+6,5.697,0.158,0.048,88.0
29.191099635,29.842973885,40,79,11w+2,5.737,0.15,0.0,88.0
29.84432537,32.958477509999994,192,84,12w+0,6.271,0.161,0.112,90.0
32.95991465,35.208298195,72,83,11w+6,5.889,0.222,0.021,89.5
35.22902631,46.875,57,84,12w+0,6.377,0.123,0.031,91.0
